url,name,address,city,state,phone
http://www.kayenliepmann.com/,Results,"îƒˆ295 Main St, Norwich, VT 05055",Norwich,VT,î‚°(802) 649-1689
http://ronanlawgrp.com/,Results,"îƒˆ316 Main St, Norwich, VT 05055",Norwich,VT,î‚°(802) 649-7314
http://www.richardpaulcpa.com/,Results,"îƒˆ842 Hartford Ave., White River Junction, VT 05001",White River Junction,VT,î‚°(802) 698-0332
http://www.wilder-business.com/,Results,"îƒˆ61 Depot St, Wilder, VT 05088",Wilder,VT,î‚°(802) 295-9093
http://www.labargeaccounting.com/,Results,"îƒˆ842 Hartford Ave., White River Junction, VT 05001",White River Junction,VT,î‚°(802) 698-0336
https://buttonservices.com/,Results,"îƒˆ1011 N Main St Suite 28, White River Junction, VT 05001",White River Junction,VT,î‚°(802) 404-5060
https://getclearaccounting.com/,Results,"îƒˆ3361 County Rd, Windsor, VT 05089",Windsor,VT,î‚°(603) 685-5009
http://arissolutions.org/,Results,"îƒˆ72 S Main St, White River Junction, VT 05001",White River Junction,VT,î‚°(802) 280-1911
http://www.cpa-vermont.com/,"McCormack, Guyette & Associates, PC CPAs","îƒˆ66 Grove St, Rutland, VT 05701",Rutland,VT,î‚°(802) 775-3221
https://clearaccountingfirm.com/?utm_source=google&utm_medium=organic&utm_campaign=seolocale,Clear Accounting,"îƒˆ368 Brush Hill Rd, Stowe, VT 05672",Stowe,VT,î‚°(802) 648-1151
http://www.fsv-cpas.com/,"FSV Accountants, an Archer Lewis firm","îƒˆ143 Barre St, Montpelier, VT 05602",Montpelier,VT,î‚°(802) 223-6261
http://www.wwa-cpa.com/,"Wisehart, Wimette & Associates PLC","îƒˆ159 River Rd, Essex Junction, VT 05452",Essex Junction,VT,î‚°(802) 879-1055
https://www.lavalleeco.com/,Lavallee & Co,"îƒˆ20 Susie Wilson Rd Unit 4, Essex Junction, VT 05452",Essex Junction,VT,î‚°(802) 861-2200
https://www.vtcpa.org/,Vermont Society of Certified Public Accountants,,Norwich,VT,î‚°(802) 229-4939
http://www.nathanwechsler.com/,"Nathan Wechsler & Company, P.A.","îƒˆ44 School St, Lebanon, NH 03766",Lebanon,NH,î‚°(603) 448-2650
http://abacusvt.com/,Abacus Bookkeeping & Tax Services,"îƒˆ338 River St #1, Montpelier, VT 05602",Montpelier,VT,î‚°(802) 225-8907
http://www.ampeisch.com/,"A M Peisch & Company, LLP","îƒˆ401 Watertower Cir #302, Colchester, VT 05446",Colchester,VT,î‚°(802) 654-7255
https://gilweegroup.com/,Gilwee Group PLC,"îƒˆ15 E State St #2, Montpelier, VT 05602",Montpelier,VT,î‚°(802) 304-4424
https://www.hrblock.com/tax-office-near-me/vermont/wilder/44098/?otppartnerid=9308&campaignid=pw_mcm_9308_9762&utm_medium=local,Results,"îƒˆ61 Depot St Unit 6, Wilder, VT 05088",Wilder,VT,î‚°(802) 295-9093
https://cara-tax.com/,Results,,Norwich,VT,î‚°(603) 727-8230
http://www.janicegrahamcpa.com/,Results,"îƒˆ446 Barnard Rd, Woodstock, VT 05091",Woodstock,VT,î‚°(802) 457-4644
https://www.herrickglobal.com/,Results,"îƒˆ302 Mountain View Dr #301, Colchester, VT 05446",Colchester,VT,î‚°(802) 864-4514
http://greenmountainaccounting.com/,Results,"îƒˆ996 S Main St, Stowe, VT 05672",Stowe,VT,î‚°(802) 279-2055
https://www.compucount.com/,Results,"îƒˆ124 Meadow Ln, Randolph, VT 05060",Randolph,VT,î‚°(802) 728-4461
https://splinternetmarketing.com/local-pros/vt/whiting/laurie-l-bertrand-cpa-tax-accounting-service/,Results,"îƒˆ116 Schoolhouse Rd, Whiting, VT 05778",Whiting,VT,î‚°(802) 623-6453
https://www.libertytax.com/12177,Results,"îƒˆ75 Main St, West Lebanon, NH 03784",West Lebanon,NH,î‚°(603) 298-7077
http://www.mmongullacpa.com/,Results,"îƒˆ51 Pleasant St, Woodstock, VT 05091",Woodstock,VT,î‚°(802) 457-1333
http://www.cussonstaxprep.com/,Results,"îƒˆ540 Route 15E #2, Hyde Park, VT 05655",Hyde Park,VT,î‚°(802) 888-2630
http://www.myerstaxvt.com/,Results,"îƒˆ1 Market Pl Unit #1, Essex Junction, VT 05452",Essex Junction,VT,î‚°(802) 871-5376
http://www.alpinevt.com/,Results,"îƒˆ377 Mountain Rd, Stowe, VT 05672",Stowe,VT,î‚°(802) 253-4561
https://www.michaelbandlerandcompany.com/,Results,,Norwich,VT,î‚°(603) 504-6705
